{"cameraMode":{"drawMode":0,"name":"Shaded","section":"Shading Mode"},"sceneLighting":true,"audioPlay":false,"sceneViewState":{"m_AlwaysRefresh":false,"showFog":true,"showSkybox":true,"showFlares":true,"showImageEffects":true,"showParticleSystems":true,"showVisualEffectGraphs":true,"m_FxEnabled":true},"in2DMode":false,"pivot":{"x":0.7563814520835877,"y":2.569648504257202,"z":1.8607630729675294},"rotation":{"x":0.006662525702267885,"y":0.991678774356842,"z":-0.115359827876091,"w":0.05688270926475525},"size":0.8673245310783386,"orthographic":false}