{"cameraMode":{"drawMode":0,"name":"Shaded","section":"Shading Mode"},"sceneLighting":true,"audioPlay":false,"sceneViewState":{"m_AlwaysRefresh":false,"showFog":true,"showSkybox":true,"showFlares":true,"showImageEffects":true,"showParticleSystems":true,"showVisualEffectGraphs":true,"m_FxEnabled":true},"in2DMode":false,"pivot":{"x":2.2453668117523195,"y":10.574882507324219,"z":-11.017326354980469},"rotation":{"x":-0.1361197680234909,"y":0.061472341418266299,"z":-0.008512957952916623,"w":-0.9887624382972717},"size":0.8660253882408142,"orthographic":false}